{
  "checkpoints": [
    "{\n  \"trainable_name\": \"PPO\",\n  \"trial_id\": \"036aa_00000\",\n  \"config\": {\n    \"env\": \"TradingEnv\",\n    \"env_config\": {\n      \"total_steps\": 1000,\n      \"num_assets\": 4,\n      \"commission\": 0.001,\n      \"time_cost\": 0,\n      \"window_size\": 10,\n      \"min_periods\": 150\n    },\n    \"kl_coeff\": 1.0,\n    \"num_workers\": 8,\n    \"num_gpus\": 0,\n    \"observation_filter\": \"MeanStdFilter\",\n    \"framework\": \"torch\",\n    \"model\": {\n      \"custom_model\": \"reallocate\",\n      \"custom_model_config\": {\n        \"num_assets\": 4\n      },\n      \"custom_action_dist\": \"dirichlet\"\n    },\n    \"num_sgd_iter\": 10,\n    \"sgd_minibatch_size\": 128,\n    \"lambda\": 0.9725796238473201,\n    \"clip_param\": 0.28227854820441545,\n    \"lr\": 0.000538758871719566,\n    \"train_batch_size\": 11672,\n    \"callbacks\": {\n      \"on_episode_end\": {\n        \"_type\": \"CLOUDPICKLE_FALLBACK\",\n        \"value\": \"800595cc030000000000008c1b7261792e636c6f75647069636b6c652e636c6f75647069636b6c65948c0d5f6275696c74696e5f747970659493948c0a4c616d6264615479706594859452942868028c08436f6465547970659485945294284b014b004b064b044b4343647c00640119006a006a01640219007d017c016a026a037d027404a0056403640484007c0244008301a1017d037406a0077c03a101a008a1007d047c00640519007d0574097c046a0a83017c056a0b64063c00740c7c0383017c056a0b64073c006400530094284e8c03656e76944b006808284b014b004b024b044b53431467007c005d0c7d017c0164001900910271045300948c027076948594298c022e30948c03726f779486948c122f6170702f70656e762f747261696e2e7079948c0a3c6c697374636f6d703e944b1343020600942929749452948c226f6e5f657069736f64655f656e642e3c6c6f63616c733e2e3c6c697374636f6d703e948c07657069736f6465948c06736861727065948c034d4444947494288c0a766563746f725f656e76948c04656e7673948c086f62736572766572948c1072656e64657265725f686973746f7279948c026e70948c056172726179948c027064948c06536572696573948c0a7063745f6368616e67659468188c0676616c756573948c0e637573746f6d5f6d657472696373948c106d6178696d756d5f64726177646f776e947494288c04696e666f94680a8c07686973746f727994680c8c0772657475726e73946817749468118c0e6f6e5f657069736f64655f656e64944b10430e00011001080114010e0208011001942929749452947d94288c0b5f5f7061636b6167655f5f948c0470656e76948c085f5f6e616d655f5f948c085f5f6d61696e5f5f948c085f5f66696c655f5f946811754e4e4e749452948c207261792e636c6f75647069636b6c652e636c6f75647069636b6c655f66617374948c125f66756e6374696f6e5f736574737461746594939468377d947d94286833682c8c0c5f5f7175616c6e616d655f5f94682c8c0f5f5f616e6e6f746174696f6e735f5f947d948c0e5f5f6b7764656661756c74735f5f944e8c0c5f5f64656661756c74735f5f944e8c0a5f5f6d6f64756c655f5f9468348c075f5f646f635f5f944e8c0b5f5f636c6f737572655f5f944e8c175f636c6f75647069636b6c655f7375626d6f64756c6573945d948c0b5f5f676c6f62616c735f5f947d9428682168008c09737562696d706f72749493948c0670616e6461739485945294681f684a8c056e756d7079948594529468188c0c70656e762e6d65747269637394681893946826685168269394757586948652302e\"\n      }\n    }\n  },\n  \"local_dir\": \"/app/results/portfolio_allocation\",\n  \"evaluated_params\": {},\n  \"experiment_tag\": \"0\",\n  \"location\": {\n    \"_type\": \"CLOUDPICKLE_FALLBACK\",\n    \"value\": \"8005953a000000000000008c0e7261792e74756e652e747269616c948c084c6f636174696f6e9493942981947d94288c08686f73746e616d65944e8c03706964944e75622e\"\n  },\n  \"resources\": {\n    \"cpu\": 1,\n    \"gpu\": 0,\n    \"memory\": 0,\n    \"object_store_memory\": 0,\n    \"extra_cpu\": 8,\n    \"extra_gpu\": 0,\n    \"extra_memory\": 0,\n    \"extra_object_store_memory\": 0,\n    \"custom_resources\": {},\n    \"extra_custom_resources\": {}\n  },\n  \"placement_group_factory\": null,\n  \"stopping_criterion\": {\n    \"episode_reward_mean\": 150,\n    \"training_iteration\": 500\n  },\n  \"log_to_file\": [\n    null,\n    null\n  ],\n  \"max_failures\": 0,\n  \"last_result\": {},\n  \"last_update_time\": -Infinity,\n  \"metric_analysis\": {},\n  \"n_steps\": [\n    5,\n    10\n  ],\n  \"metric_n_steps\": {},\n  \"export_formats\": [],\n  \"status\": \"RUNNING\",\n  \"start_time\": 1617651301.4621112,\n  \"logdir\": \"/app/results/portfolio_allocation/PPO_TradingEnv_036aa_00000_0_2021-04-05_12-35-01\",\n  \"runner\": null,\n  \"last_debug\": 0,\n  \"error_file\": null,\n  \"error_msg\": null,\n  \"trial_name_creator\": null,\n  \"custom_trial_name\": null,\n  \"custom_dirname\": null,\n  \"saving_to\": null,\n  \"remote_checkpoint_dir_prefix\": null,\n  \"checkpoint_freq\": 0,\n  \"checkpoint_at_end\": true,\n  \"keep_checkpoints_num\": null,\n  \"checkpoint_score_attr\": \"training_iteration\",\n  \"sync_on_checkpoint\": true,\n  \"checkpoint_manager\": {\n    \"_type\": \"CLOUDPICKLE_FALLBACK\",\n    \"value\": \"80059566010000000000008c1b7261792e74756e652e636865636b706f696e745f6d616e61676572948c11436865636b706f696e744d616e616765729493942981947d94288c146b6565705f636865636b706f696e74735f6e756d94477ff00000000000008c165f636865636b706f696e745f73636f72655f6465736394898c165f636865636b706f696e745f73636f72655f61747472948c12747261696e696e675f697465726174696f6e948c1c6e65776573745f70657273697374656e745f636865636b706f696e749468008c0a436865636b706f696e749493942981947d94288c0773746f72616765948c0a70657273697374656e74948c0576616c7565944e8c06726573756c74947d9475628c195f6e65776573745f6d656d6f72795f636865636b706f696e7494680b2981947d9428680e8c066d656d6f72799468104e68117d9475628c115f626573745f636865636b706f696e7473945d948c0b5f6d656d62657273686970948f9475622e\"\n  },\n  \"restore_path\": \"/app/results/pbt_portfolio_reallocation/PPO_TradingEnv_9a1ab_00002_2_clip_param=0.28228,window_size=10,lambda=0.97258,lr=0.00053876,observation_filter=MeanStdFilter,train_2021-04-05_11-57-15/checkpoint_51/checkpoint-51\",\n  \"restoring_from\": null,\n  \"num_failures\": 0,\n  \"results\": \"80054e2e\",\n  \"best_result\": \"80054e2e\",\n  \"param_config\": \"80054e2e\",\n  \"extra_arg\": \"80054e2e\",\n  \"_state_json\": null,\n  \"_state_valid\": false\n}"
  ],
  "runner_data": {
    "_max_pending_trials": 0,
    "_metric": null,
    "_total_time": 608.7212991714478,
    "_iteration": 99,
    "_has_errored": false,
    "_fail_fast": false,
    "_server_port": null,
    "_cached_trial_decisions": {},
    "_queued_trial_decisions": {},
    "_should_stop_experiment": false,
    "_local_checkpoint_dir": "/app/results/portfolio_allocation",
    "_remote_checkpoint_dir": null,
    "_stopper": {
      "_type": "CLOUDPICKLE_FALLBACK",
      "value": "80059527000000000000008c107261792e74756e652e73746f70706572948c0b4e6f6f7053746f707065729493942981942e"
    },
    "_resumed": false,
    "_start_time": 1617651301.4430249,
    "_last_checkpoint_time": -Infinity,
    "_session_str": "2021-04-05_12-35-01",
    "checkpoint_file": "/app/results/portfolio_allocation/experiment_state-2021-04-05_12-35-01.json",
    "_checkpoint_period": "auto",
    "launch_web_server": false
  },
  "stats": {
    "start_time": 1617651301.4430249,
    "timestamp": 1617651917.2464285
  }
}